<?xml version='1.0' encoding='utf-8'?>
<!DOCTYPE asf SYSTEM "http://ns.adobe.com/asf/asf_1_0.dtd" >
<asf xmlns="http://ns.adobe.com/asf" version="1.0" locale="zh_CN">
   <str name="ERROR__CAPTION__ADOBE_AIR" translate="yes">
     <val>Adobe AIR</val> 
   </str>
   <str name="ERROR__DAMAGED_APPLICATION" translate="yes">
     <val>此应用程序的安装已损坏。请尝试重新安装或与发行商联系以寻求帮助。</val> 
   </str>
   <str name="ERROR__INVALID_DESC" translate="yes">
     <val>此应用程序的应用程序描述符无效。请尝试重新安装或联系发布者寻求帮助。</val>
   </str>
   <str name="ERROR__NO_DESC" translate="yes">
     <val>找不到此应用程序的应用程序描述符。请尝试重新安装或联系发布者寻求帮助。</val>
   </str>
   <str name="ERROR__LOAD_CONTENT" translate="yes">
     <val>无法为此应用程序加载初始内容。请尝试重新安装或联系发布者寻求帮助。</val>
   </str>
   <str name="ERROR__NO_CONTENT" translate="yes">
     <val>找不到此应用程序的初始内容。请尝试重新安装或联系发布者寻求帮助。</val>
   </str>
   <str name="ERROR__NO_PUBID" translate="yes">
     <val>找不到此应用程序的发布者 ID。请尝试重新安装或联系发布者寻求帮助。</val>
   </str>
   <str name="ERROR__PROFILE_NOT_SUPPORTED" translate="yes">
     <val>指定的配置文件不受此应用程序支持。请尝试重新安装或联系发布者寻求帮助。</val>
   </str>
   <str name="ERROR__UNEXPECTED_PUBID" translate="yes">
     <val>找到此应用程序的意外发布者 ID。请尝试重新安装或联系发布者寻求帮助。</val>
   </str>
   <str name="ERROR__DUPLICATE_EXTENSION" translate="yes">
     <val>发现了一个重复的用于此应用程序的本机扩展。请尝试重新安装或联系发布者寻求帮助。</val>
   </str>
   <str name="ERROR__EXTENSION_DEPLOYMENT_MISMATCH" translate="yes">
     <val>此应用程序的本机扩展部署不匹配。请尝试重新安装或联系发布者寻求帮助。</val>
   </str>
   <str name="ERROR__EXTENSION_MISSING" translate="yes">
     <val>此应用程序必需的本机扩展缺失。请尝试重新安装或联系发布者寻求帮助。</val>
   </str>
   <str name="ERROR__EXTENSION_XML_INVALID" translate="yes">
     <val>用于此应用程序的本机扩展 xml 文件无效。请尝试重新安装或联系发布者寻求帮助。</val>
   </str>
   <str name="ERROR__NOT_SUPPORTED_IN_PROFILE" translate="yes">
     <val>此应用程序不支持该本机扩展配置文件。请尝试重新安装或联系发布者寻求帮助。</val>
   </str>
   <str name="ERROR__EXTENSION_SWF_VERSION_INVALID" translate="yes">
     <val>用于此应用程序的本机扩展 library.swf 版本无效。请尝试重新安装或联系发布者寻求帮助。</val>
   </str>
   <str name="ERROR__EXTENSION_APP_VERSION_MISMATCH" translate="yes">
     <val>本机扩展命名空间或 swf 版本与此应用程序不兼容。请尝试重新安装或联系发布者寻求帮助。</val>
   </str>
   <str name="HTML_CONTEXTMENU__NAVIGATION__STOP" translate="yes">
     <val>停止</val> 
   </str>
   <str name="HTML_CONTEXTMENU__NAVIGATION__RELOAD" translate="yes">
     <val>重新加载</val> 
   </str>
   <str name="HTML_CONTEXTMENU__NAVIGATION__GO_BACK" translate="yes">
     <val>后退</val> 
   </str>
   <str name="HTML_CONTEXTMENU__NAVIGATION__GO_FORWARD" translate="yes">
     <val>前进</val> 
   </str>
   <str name="HTML_CONTEXTMENU__NAVIGATION__OPEN_FRAME_IN_NEW_WINDOW" translate="yes">
     <val>在新窗口中打开帧</val> 
   </str>
   <str name="HTML_CONTEXTMENU__NAVIGATION__OPEN_LINK" translate="yes">
     <val>打开链接</val> 
   </str>
   <str name="HTML_CONTEXTMENU__NAVIGATION__OPEN_LINK_IN_NEW_WINDOW" translate="yes">
     <val>在新窗口中打开链接</val> 
   </str>
   <str name="HTML_CONTEXTMENU__NAVIGATION__DOWNLOAD_LINKED_FILE" translate="yes">
     <val>下载链接文件</val> 
   </str>
   <str name="HTML_CONTEXTMENU__NAVIGATION__OPEN_IMAGE_IN_NEW_WINDOW" translate="yes">
     <val>在新窗口中打开图像</val> 
   </str>
   <str name="HTML_CONTEXTMENU__NAVIGATION__DOWNLOAD_IMAGE" translate="yes">
     <val>下载图像</val> 
   </str>
   <str name="HTML_CONTEXTMENU__EDIT__COPY_LINK" translate="yes">
     <val>复制链接</val> 
   </str>
   <str name="HTML_CONTEXTMENU__EDIT__COPY_IMAGE" translate="yes">
     <val>复制图像</val> 
   </str>
   <str name="HTML_CONTEXTMENU__SEARCH__SEARCH_THE_WEB" translate="yes">
     <val>搜索 Web</val> 
   </str>
   <str name="HTML_CONTEXTMENU__SPELLING__SEARCH_IN_DICTIONARY" translate="yes">
     <val>在词典中查找</val> 
   </str>
   <str name="HTML_CONTEXTMENU__SPELLING__NO_GUESSES_FOUND" translate="yes">
     <val>未找到猜测结果</val> 
   </str>
   <str name="HTML_CONTEXTMENU__SPELLING__IGNORE_SPELLING" translate="yes">
     <val>忽略拼写</val> 
   </str>
   <str name="HTML_CONTEXTMENU__SPELLING__LEARN_SPELLING" translate="yes">
     <val>学习拼写</val> 
   </str>
   <str name="HTML_CONTEXTMENU__SPELLING__IGNORE_GRAMMAR" translate="yes">
     <val>忽略语法</val> 
   </str>
   <str name="HTML_CONTEXTMENU__SPELLING__SPELLING_AND_GRAMMAR" translate="yes">
     <val>拼写和语法</val> 
   </str>
   <str name="HTML_CONTEXTMENU__SPELLING__SHOW" translate="yes">
     <val>显示拼写和语法</val> 
   </str>
	<str name="HTML_CONTEXTMENU__SPELLING__HIDE" translate="yes">
		<val>隐藏拼写和语法</val>
	</str>
	<str name="HTML_CONTEXTMENU__SPELLING__CHECK_SPELLING" translate="yes">
     <val>检查拼写</val> 
   </str>
   <str name="HTML_CONTEXTMENU__SPELLING__CHECK_WHILE_TYPING" translate="yes">
     <val>键入时检查拼写</val> 
   </str>
   <str name="HTML_CONTEXTMENU__SPELLING__CHECK_GRAMMAR" translate="yes">
     <val>检查拼写和语法</val> 
   </str>
	<str name="HTML_CONTEXTMENU__INSPECT__ELEMENT" translate="yes">
		<val>检查元素</val>
	</str>	
   <str name="HTML_CONTEXTMENU__FONTS" translate="yes">
     <val>字体</val> 
   </str>
   <str name="HTML_CONTEXTMENU__STYLE__BOLD" translate="yes">
     <val>粗体</val> 
   </str>
   <str name="HTML_CONTEXTMENU__STYLE__ITALICS" translate="yes">
     <val>斜体</val> 
   </str>
   <str name="HTML_CONTEXTMENU__STYLE__UNDERLINE" translate="yes">
     <val>下划线</val> 
   </str>
   <str name="HTML_CONTEXTMENU__STYLE__OUTLINE" translate="yes">
     <val>轮廓</val> 
   </str>
   <str name="HTML_CONTEXTMENU__STYLE__WRITING_DIRECTION" translate="yes">
     <val>排版方向</val> 
   </str>
   <str name="HTML_CONTEXTMENU__STYLE__WRITING_DIRECTION__DEFAULT" translate="yes">
     <val>默认值</val> 
   </str>
   <str name="HTML_CONTEXTMENU__STYLE__WRITING_DIRECTION__LEFT_TO_RIGHT" translate="yes">
     <val>从左到右</val> 
   </str>
   <str name="HTML_CONTEXTMENU__STYLE__WRITING_DIRECTION__RIGHT_TO_LEFT" translate="yes">
     <val>从右到左</val> 
   </str>
  <str name="EDIT__CUT" translate="yes">
    <val>剪切</val>
  </str>
  <str name="EDIT__COPY" translate="yes">
    <val>复制</val>
  </str>
  <str name="EDIT__PASTE" translate="yes">
    <val>粘贴</val>
  </str>
  <str name="EDIT__SELECT_ALL" translate="yes">
    <val>全选</val>
  </str>
  <str name="EDIT__DELETE" translate="yes">
    <val>删除</val>
  </str>
  <str name="HTML_RESET_BUTTON_DEFAULT" translate="yes">
    <val>重置</val>
  </str>
  <str name="HTML_INPUT_ELEMENT_ALT_TEXT" translate="yes">
	<val>提交</val>
  </str>	
  <str name="HTML_FILE_BUTTON_CHOOSE_FILE" translate="yes">
    <val>浏览...</val>
  </str>
  <str name="HTML_SEARCHABLE_INDEX_INTRO" translate="yes">
    <val>可搜索的索引</val>
  </str>
  <str name="HTML_SUBMIT_BUTTON_DEFAULT" translate="yes">
    <val>提交</val>
  </str>
  <str name="HTML_UNKNOWN_FILE_SIZE" translate="yes">
    <val>未知</val>
  </str>
	<str name="HTML_SEARCH_MENU__CLEAR_RECENT_SEARCHES" translate="yes">
		<val>清除近期搜索</val>
	</str>
	<str name="HTML_SEARCH_MENU__NO_RECENT_SEARCHES" translate="yes">
		<val>无近期搜索</val>
	</str>
	<str name="HTML_SEARCH_MENU__RECENT_SEARCHES" translate="yes">
		<val>近期搜索</val>
	</str>
	<str name="HTML_IMAGE_TITLE" translate="yes">
		<val>%s（%dx%d 像素）</val>
	</str>
  <str name="HTML_AX_WEB_AREA" translate="yes">
    <!-- accessibility role description for web area -->
    <val>HTML 内容</val>
  </str>
  <str name="HTML_AX_LINK" translate="yes">
    <!-- accessibility role description for web area -->
    <val>链接</val>
  </str>
  <str name="HTML_AX_LIST_MARKER" translate="yes">
    <!-- accessibility role description for list marker -->
    <val>列表标记</val>
  </str>
  <str name="HTML_AX_IMAGE_MAP" translate="yes">
    <!-- accessibility role description for image map -->
    <val>图像映射</val>
  </str>
  <str name="HTML_AX_HEADING" translate="yes">
    <!-- accessibility role description for headings -->
    <val>标题</val>
  </str>
  <str name="HTML_AX_BUTTON_ACTION_VERB" translate="yes">
    <!-- Verb stating the action that will occur when a button is pressed, as used by accessibility -->
    <val>按</val>
  </str>
  <str name="HTML_AX_RADIO_BUTTON_ACTION_VERB" translate="yes">
    <!-- Verb stating the action that will occur when a radio button is clicked, as used by accessibility -->
    <val>选择</val>
  </str>
  <str name="HTML_AX_TEXT_FIELD_ACTION_VERB" translate="yes">
    <!-- Verb stating the action that will occur when a text field is selected, as used by accessibility -->
    <val>激活</val>
  </str>
  <str name="HTML_AX_CHECKED_CHECK_BOX_ACTION_VERB" translate="yes">
    <!-- Verb stating the action that will occur when a checked checkbox is clicked, as used by accessibility -->
    <val>取消选中</val>
  </str>
  <str name="HTML_AX_UNCHECKED_CHECK_BOX_ACTION_VERB" translate="yes">
    <!-- Verb stating the action that will occur when an unchecked checkbox is clicked, as used by accessibility -->
    <val>选中</val>
  </str>
  <str name="HTML_AX_LINK_ACTION_VERB" translate="yes">
    <!-- Verb stating the action that will occur when a link is clicked, as used by accessibility -->
    <val>跳转</val>
  </str>
</asf>
